data,descricao,valor,tipo,categoria
2026-08-03,Supermercado BH,168.3,Despesa,
2026-08-04,Uber,21.4,Despesa,
2026-08-05,Aluguel,1100,Despesa,
2026-08-05,Salário,4500,Receita,
2026-08-07,Netflix,44.9,Despesa,
2026-08-07,Spotify,21.9,Despesa,
2026-08-08,Plano celular Claro,49.9,Despesa,
2026-08-09,Globoplay,24.9,Despesa,
2026-08-09,iFood,45.9,Despesa,
2026-08-10,Energia Cemig,172.6,Despesa,
2026-08-10,Mensalidade faculdade,289.0,Despesa,
2026-08-11,Padaria Pão Quente,18.7,Despesa,
2026-08-11,Posto Shell gasolina,160.0,Despesa,
2026-08-12,Internet Vivo Fibra,99.9,Despesa,
2026-08-13,Mercado Livre - carregador,79.9,Despesa,
2026-08-14,Disney+,33.9,Despesa,
2026-08-15,Água Copasa,74.1,Despesa,
2026-08-16,Supermercado BH,172.4,Despesa,
2026-08-17,Restaurante Sabor Mineiro,72.0,Despesa,
2026-08-18,Freelance site,300,Receita,
2026-08-19,Uber,26.3,Despesa,
2026-08-20,Farmácia Araujo,54.3,Despesa,
2026-08-21,iFood,52.8,Despesa,
2026-08-23,Cinema Cineart,38.0,Despesa,
2026-08-24,Supermercado BH,139.9,Despesa,
2026-08-26,Recarga cartão ônibus,60.0,Despesa,
2026-08-27,Shopee - capinha celular,29.9,Despesa,
2026-08-29,Renner - bermuda,159.9,Despesa,
2026-08-28,Padaria Pão Quente,24.1,Despesa,
2026-08-30,Bar do Zé,71.0,Despesa,
2026-09-05,Aluguel,1100,Despesa,
2026-09-05,Salário,4500,Receita,
2026-09-06,Supermercado BH,312.45,Despesa,
2026-09-06,Uber,23.5,Despesa,
2026-09-07,Netflix,44.9,Despesa,
2026-09-07,Spotify,21.9,Despesa,
2026-09-08,Plano celular Claro,49.9,Despesa,
2026-09-08,iFood,48.9,Despesa,
2026-09-09,Globoplay,24.9,Despesa,
2026-09-10,Energia Cemig,185.4,Despesa,
2026-09-10,Mensalidade faculdade,289.0,Despesa,
2026-09-10,Padaria Pão Quente,22.5,Despesa,
2026-09-11,Posto Shell gasolina,180.0,Despesa,
2026-09-12,Internet Vivo Fibra,99.9,Despesa,
2026-09-12,Mercado Livre - fone bluetooth,189.9,Despesa,
2026-09-13,iFood,62.3,Despesa,
2026-09-14,Disney+,33.9,Despesa,
2026-09-15,Água Copasa,78.3,Despesa,
2026-09-16,Restaurante Sabor Mineiro,85.0,Despesa,
2026-09-16,Shopee - roupas,142.6,Despesa,
2026-09-17,Uber,31.2,Despesa,
2026-09-18,Farmácia Araujo,67.8,Despesa,
2026-09-19,Cinema Cineart,52.0,Despesa,
2026-09-20,Bar do Zé,94.5,Despesa,
2026-09-20,Supermercado BH,148.7,Despesa,
2026-09-21,Curso online de Python,39.9,Despesa,
2026-09-22,iFood,39.9,Despesa,
2026-09-23,Hamburgueria Artesanal,58.0,Despesa,
2026-09-24,Uber,27.8,Despesa,
2026-09-25,Posto Ipiranga,120.0,Despesa,
2026-09-26,Renner - camiseta,229.9,Despesa,
2026-09-27,Pix para Carlos,50.0,Despesa,
